{"IcoMoonType":"selection","icons":[{"icon":{"paths":["M800 448h-48v-144c0-167.6-136.4-304-304-304s-304 136.4-304 304v144h-48c-53 0-96 43-96 96v384c0 53 43 96 96 96h704c53 0 96-43 96-96v-384c0-53-43-96-96-96zM592 448h-288v-144c0-79.4 64.6-144 144-144s144 64.6 144 144v144z"],"attrs":[{}],"width":896,"isMulticolor":false,"isMulticolor2":false,"grid":0,"tags":["lock"]},"attrs":[{}],"properties":{"order":2,"id":1,"name":"lock","prevSize":32,"code":59648},"setIdx":0,"setId":2,"iconIdx":0},{"icon":{"paths":["M847 0c-168 0.6-303 139-303 307v141h-448c-53 0-96 43-96 96v384c0 53 43 96 96 96h704c53 0 96-43 96-96v-384c0-53-43-96-96-96h-96v-142.2c0-79.2 63.4-145 142.6-145.8 80-0.8 145.4 64.2 145.4 144v160c0 26.6 21.4 48 48 48h64c26.6 0 48-21.4 48-48v-160c0-168-137-304.6-305-304z"],"attrs":[{}],"width":1152,"isMulticolor":false,"isMulticolor2":false,"grid":0,"tags":["lock-open"]},"attrs":[{}],"properties":{"order":3,"id":0,"name":"lock-open","prevSize":32,"code":59649},"setIdx":0,"setId":2,"iconIdx":1}],"height":1024,"metadata":{"name":"icomoon"},"preferences":{"showGlyphs":true,"showQuickUse":true,"showQuickUse2":true,"showSVGs":true,"fontPref":{"prefix":"icon-","metadata":{"fontFamily":"icomoon"},"metrics":{"emSize":1024,"baseline":6.25,"whitespace":50},"embed":false},"imagePref":{"prefix":"icon-","png":true,"useClassSelector":true,"color":0,"bgColor":16777215,"classSelector":".icon"},"historySize":50,"showCodes":true,"gridSize":16}}